turn,client,therapist
1,"Hi Luna, I've been feeling really overwhelmed lately with this constant anxiety that seems to be creeping into every part of my life. It feels like there's this weight on my chest, and I can't shake off the guilt that comes with it. I often find myself feeling lonely, even in a room full of people, and it makes it hard to connect with anyone. I just want to feel a sense of peace and belonging again.","Hi there! It sounds like you’re really carrying a heavy load right now, and it's completely understandable to feel overwhelmed with anxiety creeping into so many aspects of your life. That weight on your chest and the guilt you’re experiencing must be incredibly challenging to cope with. 

Feeling lonely, even when surrounded by others, can be such a profound struggle. It’s like there’s a barrier that makes it hard to connect, and that can lead to a sense of isolation. I want you to know that it’s okay to feel this way, and you’re not alone in these feelings.

Let’s take a moment to explore what’s been contributing to this anxiety. What thoughts or situations seem to trigger those feelings of guilt or loneliness for you? Together, we can work on finding some paths towards that sense of peace and belonging that you’re longing for."
2,"Thank you for understanding, Luna. I often feel like I'm not doing enough, whether it's at work or in my relationships, and that guilt just eats away at me. It’s like I constantly compare myself to others and come up short, which only deepens my loneliness. Even when I'm with friends or family, I sometimes feel like I'm just going through the motions, and that disconnect is really hard to shake off.","It sounds like you're carrying a heavy weight of guilt and comparison, which can be really exhausting and isolating. Feeling like you're not enough, especially when it comes to work and relationships, can create a deep sense of loneliness, even in the company of others. It's understandable to feel disconnected when those thoughts are so persistent.

Can we explore some of the specific thoughts that come up for you when you compare yourself to others? I’d love to help you find ways to challenge those thoughts and see if we can uncover some alternative perspectives together."
3,"I often feel like I'm just not measuring up to those around me. When I see friends succeeding in their careers or relationships, I can't help but think, ""Why can't I have that?"" It makes me feel like I'm stuck in this never-ending loop of inadequacy. I know I shouldn't compare myself, but it's hard to shake the feeling that everyone else is moving forward while I'm just standing still.","It sounds like you're feeling really weighed down by comparisons to your friends, and that sense of inadequacy can be incredibly tough to cope with. It’s understandable to feel stuck when it seems like everyone around you is thriving. 

Can we explore some of these thoughts together? What specifically do you think is making you feel like you’re not measuring up? And have there been times when you've felt proud of your own achievements, even if they seem small? It's important to recognize your own journey and the unique path you’re on."
4,"I definitely feel that weight of comparison, especially when I see my friends posting about their accomplishments or exciting experiences. It makes me question my own choices and wonder if I'm doing enough with my life. Sometimes, I try to remind myself of the small wins I've had, like finishing a project or being there for a friend, but they often feel trivial when I compare them to what others are doing. I guess I just struggle to see my own worth amidst all that noise.","It sounds like you’re carrying a heavy burden from comparing yourself to others, which can be really overwhelming. It’s completely understandable to feel that way, especially with all the social media highlights we see. I want to acknowledge the effort you’re making to recognize your own small wins, like finishing a project or being there for a friend. Those accomplishments are significant, even if they sometimes feel trivial in comparison.

Can we take a moment to explore those small wins together? What do they mean to you, and how do they reflect your values and strengths? It might help to shift the focus from comparison to celebrating your unique journey."
5,"I really appreciate you acknowledging that burden. It’s hard not to get lost in comparisons, especially with social media constantly highlighting everyone else’s achievements. When I think about my small wins, like finishing a project or being supportive to a friend, they make me feel a little more grounded. They remind me that I have my own path and strengths, even if I sometimes struggle to see them clearly.","It sounds like you're navigating some challenging feelings around comparisons, especially with the constant influx of others' successes on social media. It’s understandable to feel overwhelmed at times, especially when you’re trying to find your own footing. I’m really glad to hear that you have those small wins to remind you of your unique strengths and journey. 

When you reflect on those achievements like finishing a project or being there for a friend, what thoughts come to mind? How do they help you reconnect with your path? Let’s explore how you can strengthen that sense of grounding even more."
6,"When I think about those small wins, like finishing a project or lending a hand to a friend, I feel a sense of pride that I often overlook. It’s like a tiny light in the darkness of my anxiety and feelings of inadequacy. But then I quickly fall back into comparing myself to others, and that pride fades, replaced by guilt for not doing more. I want to hold onto those moments and let them remind me that my journey is valid, but it’s hard to stay grounded when I’m constantly bombarded with what everyone else is doing.","It sounds like you’re navigating a really tough emotional landscape right now. I can sense that while you do experience moments of pride in your accomplishments, they quickly get overshadowed by feelings of inadequacy and guilt, especially when you compare yourself to others. That can be so overwhelming.

It’s great that you recognize those small wins as important; they really are valuable. I wonder, what do you think would help you hold onto that sense of pride a bit longer? Are there specific strategies or reminders you could use to keep those positive feelings alive, even when the comparisons start creeping in?"
7,"I appreciate you saying that, Luna. It does feel like I’m constantly riding this rollercoaster of emotions. I try to remind myself of my accomplishments, but it’s hard to hold onto that pride when I see others doing seemingly better. I often think maybe I should keep a journal to jot down those positive moments, but then I worry that even that won't be enough to combat the nagging thoughts of inadequacy. It’s exhausting to feel this way; I just want to break free from that cycle.","It sounds like you’re really feeling the weight of those ups and downs, and it’s understandable to feel exhausted by it all. It’s great that you recognize your accomplishments, but I can see how comparing yourself to others can make it hard to hold onto that pride. 

Keeping a journal could be a valuable tool for you. It might help you capture those positive moments and serve as a reminder of your worth, especially during tougher times. What do you think might hold you back from starting that journal? And how do you feel when you think about your accomplishments in comparison to others? Let’s explore those thoughts together."
8,"I think starting a journal could be helpful, but I worry about not being consistent with it. There's a part of me that fears my thoughts won't come out the way I want them to, or that I’ll just end up writing about the negative feelings instead of the positives. When I think about my accomplishments compared to others, I often feel a mix of guilt and frustration. It's like I can’t fully enjoy what I’ve done because I'm too focused on what others are achieving.","It sounds like you're feeling a lot of pressure around the idea of journaling, and it’s understandable to have those fears about being consistent or capturing your thoughts the way you want. Writing can be a vulnerable process, and it’s okay to feel uncertain about it.

You also mentioned feeling guilt and frustration when comparing your accomplishments to others. That can be really tough—it’s like you're stuck in a cycle of not fully appreciating your own achievements because of external comparisons. Can we explore some of those thoughts together? What do you think might happen if you allowed yourself to write about both the positive and negative feelings? How might that shift your perspective on your accomplishments?"
9,"I think if I allowed myself to write about both the positive and negative feelings, it might actually help me see things more clearly. Right now, I feel this heavy weight of guilt, like I’m not doing enough compared to others. But maybe if I put my thoughts down, I could recognize my own achievements and see that my journey is valid, even if it looks different from someone else’s. I just worry that my negative feelings would overshadow everything else, and I’d end up feeling more lonely.","It sounds like you're feeling quite overwhelmed by guilt and the pressure to measure up to others. It's understandable to worry that delving into your negative feelings might make things feel heavier or more isolating. However, acknowledging both the positive and negative aspects of your experiences can be a powerful way to gain clarity and recognize the validity of your journey. 

Writing things down could help you create a balanced perspective and remind you of your own achievements, even if they feel small in comparison. What do you think might be some of the positive things you could include in your writing? And how might you navigate those fears of your negative feelings overshadowing the positives?"
10,"I appreciate what you said, Luna. I often find it hard to see the positives because my mind seems to focus on everything I haven't done right. When I think about writing things down, I worry that my negative feelings will just take over the page. But I suppose if I really try, I could note the small accomplishments, like getting out of bed or reaching out to a friend, even if it feels insignificant. It’s just that the fear of feeling even more lonely and guilty can be so overwhelming.","It sounds like you’re experiencing a lot of pressure and self-criticism, which can be really overwhelming. It’s understandable to worry that writing down your feelings might just highlight the negatives, especially when you're already feeling so heavy with guilt and loneliness. 

I want to acknowledge that even the small accomplishments you mentioned—like getting out of bed or reaching out to a friend—are significant. They show resilience and effort, even if they feel minor in contrast to what you think you “should” be doing. 

What if we explored how you might frame these small victories in a way that feels more empowering? How do you think it would feel to focus on those moments of progress, no matter how small?"
