utterance_id,client_text,condition,reply,val_t,aro_t,val_s,aro_s,delta_valence,delta_arousal
1,"I've been feeling really overwhelmed lately. My anxiety about my health has gotten so bad that I can barely sleep at night. I keep having these heart palpitations, and even though the doctors say I'm fine, I can't shake the fear that something terrible is going to happen to me. I just keep thinking, ""What if this is the time something goes wrong?"" It's really affecting my work and my day-to-day life.",baseline,"It sounds like you're carrying a heavy burden with all that anxiety, especially when it interferes with your sleep and daily activities. It's completely understandable to feel fearful when your health is on your mind, even if the doctors have reassured you. Those ""what if"" thoughts can be really powerful and distressing. Can you share more about what happens in those moments when you feel overwhelmed by those thoughts?",-0.4512318500000001,0.3406992,-0.6374355554580691,0.1144380569458007,0.1862037054580689,0.2262611430541992
1,"I've been feeling really overwhelmed lately. My anxiety about my health has gotten so bad that I can barely sleep at night. I keep having these heart palpitations, and even though the doctors say I'm fine, I can't shake the fear that something terrible is going to happen to me. I just keep thinking, ""What if this is the time something goes wrong?"" It's really affecting my work and my day-to-day life.",emotion,"It sounds like you’re going through an incredibly tough time right now, and I can understand how overwhelming it must feel to be caught in that cycle of anxiety about your health. The heart palpitations and sleepless nights can be really distressing, especially when you’re trying to manage your daily responsibilities. 

I want to explore your thoughts a bit more. When you think, ""What if this is the time something goes wrong?"" it seems to create a lot of fear for you. Can we talk about what evidence you have for that thought? What have the doctors said that might contradict this fear? Finding those pieces of information might help to lessen the grip of that worry.",-0.4512318500000001,0.3406992,-0.6374355554580691,0.1144380569458007,0.1862037054580689,0.2262611430541992
1,"I've been feeling really overwhelmed lately. My anxiety about my health has gotten so bad that I can barely sleep at night. I keep having these heart palpitations, and even though the doctors say I'm fine, I can't shake the fear that something terrible is going to happen to me. I just keep thinking, ""What if this is the time something goes wrong?"" It's really affecting my work and my day-to-day life.",dissonance,"It sounds like you’re really grappling with a lot of anxiety surrounding your health right now. The feeling of being overwhelmed and having those heart palpitations must be incredibly distressing. Even with the reassurance from doctors, it's understandable to still feel that nagging fear about what could happen next. 

I wonder if underneath the surface of those thoughts, there might be some deeper worries or feelings that you're not fully expressing. It's okay to feel scared or uncertain, especially when it comes to health. How do you feel when you think about the possibility of something going wrong? What do you think might be adding to that fear?",-0.4512318500000001,0.3406992,-0.6374355554580691,0.1144380569458007,0.1862037054580689,0.2262611430541992
2,"When I feel the palpitations, my heart starts racing, and I immediately think, ""What if this is a heart attack?"" or ""What if I'm going to just drop dead?"" It's like my mind goes to the worst possible scenario. I try to remind myself that the doctors have said I'm fine, but it just doesn't seem real in those moments. I get so caught up in the fear that I can't focus on anything else. It just spirals from there.",baseline,"It sounds really overwhelming to experience those palpitations and have your mind jump to such frightening thoughts. It's completely understandable to feel fear in those moments, especially when your body is reacting strongly. You've done a great job reminding yourself of what the doctors have said, but it can be hard to hold onto that reassurance when panic sets in. Can you think of a time when you were able to calm yourself down during a similar experience?",-0.3346499999999999,0.3226546999999999,-0.5848075747489929,0.4555697441101074,0.250157574748993,0.1329150441101074
2,"When I feel the palpitations, my heart starts racing, and I immediately think, ""What if this is a heart attack?"" or ""What if I'm going to just drop dead?"" It's like my mind goes to the worst possible scenario. I try to remind myself that the doctors have said I'm fine, but it just doesn't seem real in those moments. I get so caught up in the fear that I can't focus on anything else. It just spirals from there.",emotion,"It sounds incredibly overwhelming to experience those racing thoughts and physical sensations at the same time. When your heart starts racing, it makes sense that your mind would jump to those worst-case scenarios. It's very common for fear to take hold in those moments, especially when it feels so real and immediate.

I appreciate that you're trying to remind yourself of the reassurance from your doctors, but it can be hard to hold onto that when fear takes over. Can we explore some of those thoughts together? What evidence do you have that supports the idea that you're in danger, and how does that compare to the evidence that suggests you are safe? This might help us to challenge those spiraling thoughts and find some grounding when fear starts to rise.",-0.3346499999999999,0.3226546999999999,-0.5848075747489929,0.4555697441101074,0.250157574748993,0.1329150441101074
2,"When I feel the palpitations, my heart starts racing, and I immediately think, ""What if this is a heart attack?"" or ""What if I'm going to just drop dead?"" It's like my mind goes to the worst possible scenario. I try to remind myself that the doctors have said I'm fine, but it just doesn't seem real in those moments. I get so caught up in the fear that I can't focus on anything else. It just spirals from there.",dissonance,"It sounds like you're experiencing a lot of intense fear when those palpitations hit, and it makes sense that your mind jumps to the worst-case scenarios in those moments. You mentioned trying to remind yourself that the doctors have said you’re fine, but I can see how that reassurance might feel distant or unconvincing when you're in the grip of fear.

I wonder if there’s a part of you that feels even more scared or anxious than what you’re expressing. It’s common for people to have thoughts that don’t fully match the feelings they’re experiencing. What do you think might be behind those racing thoughts, or what else might be surfacing for you during those moments?",-0.3346499999999999,0.3226546999999999,-0.5848075747489929,0.4555697441101074,0.250157574748993,0.1329150441101074
3,"Well, the last time I went to the doctor, they did an EKG and said my heart was normal. They also checked my blood pressure and said it was fine too. I remember them telling me that palpitations can happen due to anxiety and stress, but in the moment, it just feels like they might have missed something. I guess I just keep thinking, “What if there’s something they didn’t catch?” It’s hard to trust that everything is okay.",baseline,"It sounds like you're feeling a lot of uncertainty and worry, especially after your doctor's visit. It's completely understandable to have those “what if” thoughts, especially when it comes to something as important as your health. You’ve been given some reassurance from your doctor, but it’s still hard to shake that feeling of doubt. What do you think is making it difficult for you to trust that everything is okay?",-0.1411276999999999,0.1176481,-0.4058449864387512,0.0428014993667602,0.2647172864387512,0.0748466006332397
3,"Well, the last time I went to the doctor, they did an EKG and said my heart was normal. They also checked my blood pressure and said it was fine too. I remember them telling me that palpitations can happen due to anxiety and stress, but in the moment, it just feels like they might have missed something. I guess I just keep thinking, “What if there’s something they didn’t catch?” It’s hard to trust that everything is okay.",emotion,"It sounds really challenging to feel that uncertainty, especially when it comes to something as important as your health. It's understandable to worry that something might have been overlooked, particularly when you're experiencing those palpitations. Sometimes, our minds can amplify these fears, making it hard to trust the reassurance we’ve received.

Can we explore some of those thoughts together? What evidence do you have that supports the idea that something might be wrong? And are there any alternative explanations that might help you feel a bit more at ease?",-0.1411276999999999,0.1176481,-0.4058449864387512,0.0428014993667602,0.2647172864387512,0.0748466006332397
3,"Well, the last time I went to the doctor, they did an EKG and said my heart was normal. They also checked my blood pressure and said it was fine too. I remember them telling me that palpitations can happen due to anxiety and stress, but in the moment, it just feels like they might have missed something. I guess I just keep thinking, “What if there’s something they didn’t catch?” It’s hard to trust that everything is okay.",dissonance,"It sounds like you're feeling a lot of uncertainty and anxiety about your health, even though the doctors have reassured you that everything is normal. I can sense that while you’re expressing some concern, there might be a deeper level of worry that you’re experiencing, especially when you think about the possibility of something being overlooked. 

I wonder if part of you feels more scared or uneasy than what you're saying suggests. It's completely understandable to have those feelings, especially when it comes to our health. What do you think might be behind that worry?",-0.1411276999999999,0.1176481,-0.4058449864387512,0.0428014993667602,0.2647172864387512,0.0748466006332397
4,"I guess if I could really believe that my heart is fine, I might not panic as much when I feel the palpitations. Maybe I could try to remind myself that they’re just a response to stress or anxiety, instead of a sign of something wrong. But it’s so hard to let go of that fear—especially when it feels so real in the moment. It’s like my mind just wants to jump to the worst-case scenario every time. How do I even start to change that?",baseline,It sounds like you're really aware of how your thoughts are impacting your feelings during those moments of anxiety. It’s completely understandable to feel overwhelmed when your body is reacting in a way that feels alarming. Acknowledging that those palpitations are a normal response to stress is a great first step. Have you thought about any small ways you could challenge that worst-case scenario thinking when you feel the palpitations?,-0.1888905999999999,0.2632733499999999,-0.5406486988067628,0.1499876976013183,0.3517580988067629,0.1132856523986816
4,"I guess if I could really believe that my heart is fine, I might not panic as much when I feel the palpitations. Maybe I could try to remind myself that they’re just a response to stress or anxiety, instead of a sign of something wrong. But it’s so hard to let go of that fear—especially when it feels so real in the moment. It’s like my mind just wants to jump to the worst-case scenario every time. How do I even start to change that?",emotion,"It sounds like you're feeling really overwhelmed by those palpitations and the fear that comes with them. It’s completely understandable to have those thoughts and jump to the worst-case scenario, especially when your body is reacting strongly. You’re already taking a significant step by recognizing that these feelings may be linked to stress or anxiety, which is a great insight.

Let’s explore how we can work on this together. When those thoughts about worst-case scenarios arise, it might help to pause and ask yourself, “What evidence do I have that supports this fear?” Sometimes, writing down your thoughts can help you see them more clearly. 

We can also look at alternative thoughts that might feel more balanced. For example, when you feel a palpitation, instead of thinking something is seriously wrong, you could remind yourself, “This is just my body reacting to stress. I have felt this before, and I am okay.” 

How does that sound to you? Are there specific times or situations when this fear feels the strongest?",-0.1888905999999999,0.2632733499999999,-0.5406486988067628,0.1499876976013183,0.3517580988067629,0.1132856523986816
4,"I guess if I could really believe that my heart is fine, I might not panic as much when I feel the palpitations. Maybe I could try to remind myself that they’re just a response to stress or anxiety, instead of a sign of something wrong. But it’s so hard to let go of that fear—especially when it feels so real in the moment. It’s like my mind just wants to jump to the worst-case scenario every time. How do I even start to change that?",dissonance,"It sounds like you're grappling with some significant fear and worry surrounding your heart palpitations, even as you try to rationalize them as stress responses. I hear the struggle in wanting to believe that everything is okay, yet feeling overwhelmed by those intense feelings in the moment. 

I wonder if part of you feels even more scared than your words might suggest. The reality of experiencing those palpitations can be really distressing, and it makes sense that your mind would want to protect you by jumping to worst-case scenarios. 

How do you typically cope with those feelings when they arise? Are there specific thoughts or images that come to mind that heighten your fear? Let's explore this together.",-0.1888905999999999,0.2632733499999999,-0.5406486988067628,0.1499876976013183,0.3517580988067629,0.1132856523986816
5,"I think trying those techniques could help, but I’m worried I won’t remember to use them when I’m in the moment. My mind just goes blank, and all I can think about is the panic. Maybe I could write them down and keep them somewhere visible? I want to believe that I can handle it better, but it feels like such a big challenge. Do you think having a reminder could really make a difference?",baseline,"It sounds like you're feeling a mix of hope and apprehension about trying the techniques, which is completely understandable. Writing them down and placing them somewhere visible could serve as a great reminder, helping to bridge that gap when panic sets in. It’s okay to acknowledge that it feels challenging right now; change often takes time and practice. What do you think would be the most helpful way to remind yourself in those moments?",-0.01238515,0.1877141,-0.1914463639259338,0.0312781333923339,0.1790612139259337,0.156435966607666
5,"I think trying those techniques could help, but I’m worried I won’t remember to use them when I’m in the moment. My mind just goes blank, and all I can think about is the panic. Maybe I could write them down and keep them somewhere visible? I want to believe that I can handle it better, but it feels like such a big challenge. Do you think having a reminder could really make a difference?",emotion,"It sounds like you're feeling a bit overwhelmed by the idea of remembering those techniques in the moment. It's completely understandable to worry about that, especially when panic takes over. Writing them down and keeping them visible is a great idea! It can serve as a helpful reminder when you're feeling that way.

Have you thought about specific places where you might keep these reminders? Also, what do you think would help you feel more confident about using those techniques when you need them most? It's important to explore what will work best for you.",-0.01238515,0.1877141,-0.1914463639259338,0.0312781333923339,0.1790612139259337,0.156435966607666
5,"I think trying those techniques could help, but I’m worried I won’t remember to use them when I’m in the moment. My mind just goes blank, and all I can think about is the panic. Maybe I could write them down and keep them somewhere visible? I want to believe that I can handle it better, but it feels like such a big challenge. Do you think having a reminder could really make a difference?",dissonance,"It sounds like you're feeling a mix of hope and concern about trying those techniques. You recognize that they could be beneficial, but there’s also a sense of worry about remembering them in the heat of the moment. Writing them down and keeping them visible is a practical idea, and it shows you're thinking creatively about how to support yourself.

I wonder if there’s a part of you that feels more uncertain or anxious than what you’re expressing. Sometimes, when we talk about wanting to believe we can handle challenges better, there might be deeper feelings of doubt or fear that can be hard to articulate. What do you think? Is there anything else you’d like to explore about how you’re feeling regarding these techniques and the challenges you face?",-0.01238515,0.1877141,-0.1914463639259338,0.0312781333923339,0.1790612139259337,0.156435966607666
6,"That sounds like a good idea! I think having a card with my reminders would help me feel more prepared. I could even decorate it or make it really personal so that it stands out. I’ll try to practice the techniques more regularly, too. It feels like a small step, but maybe it could lead to feeling a little less anxious. I hope so! How often should I practice these techniques for them to really make a difference?",baseline,"It sounds like you're really embracing this idea of creating a personalized reminder card, which is wonderful! Making it special can definitely make the process feel more engaging and supportive. Remember, practicing these techniques regularly, even just a little each day, can help them become more effective over time. It’s great that you’re taking those small steps—what do you think might be the first technique you’d like to practice more often?",0.1374204999999999,0.2622659,0.520031213760376,0.4713635444641113,0.382610713760376,0.2090976444641112
6,"That sounds like a good idea! I think having a card with my reminders would help me feel more prepared. I could even decorate it or make it really personal so that it stands out. I’ll try to practice the techniques more regularly, too. It feels like a small step, but maybe it could lead to feeling a little less anxious. I hope so! How often should I practice these techniques for them to really make a difference?",emotion,"It sounds like you're feeling hopeful about taking these small steps, and that's wonderful! Creating a personalized card for your reminders is a lovely idea—it can really make the techniques feel more engaging and relevant to you. 

As for practicing the techniques, consistency is key. It might be helpful to start with a few minutes each day, gradually increasing as you feel comfortable. What do you think would be a manageable amount of time for you to set aside? And how do you envision incorporating these techniques into your daily routine?",0.1374204999999999,0.2622659,0.520031213760376,0.4713635444641113,0.382610713760376,0.2090976444641112
6,"That sounds like a good idea! I think having a card with my reminders would help me feel more prepared. I could even decorate it or make it really personal so that it stands out. I’ll try to practice the techniques more regularly, too. It feels like a small step, but maybe it could lead to feeling a little less anxious. I hope so! How often should I practice these techniques for them to really make a difference?",dissonance,"It's great to hear that you're feeling positive about having a card with your reminders and practicing the techniques more regularly! Making it personal sounds like a wonderful way to keep you engaged. 

I notice that there seems to be a bit more energy in how you're expressing these ideas than what you might be feeling underneath. I wonder if there’s a part of you that feels a bit more anxious or uncertain about making these changes than you’re sharing. It’s completely normal to have mixed feelings when trying something new. What do you think?",0.1374204999999999,0.2622659,0.520031213760376,0.4713635444641113,0.382610713760376,0.2090976444641112
